UniProt ID,gene,coef
A0AVT1,UBA6,0.03735992672340697
A0FGR8,ESYT2,0.0007476404488479278
A1L0T0,ILVBL,-0.009765891635429963
A5YKK6,CNOT1,-0.019342380113374084
A6NDG6,PGP,-0.013821997563331667
O00115,DNASE2,0.02041902988261881
O00116,AGPS,-0.014673714549849585
O00151,PDLIM1,0.0022853811231815734
O00154,ACOT7,0.011844894473306484
O00159,MYO1C,-0.01827449911596559
O00170,AIP,-0.039116475032890695
O00203,AP3B1,0.005375463644323126
O00217,NDUFS8,-0.01339213691848956
O00231,PSMD11,0.0038990247953493433
O00232,PSMD12,0.015509105647387141
O00233,PSMD9,-0.00707333811509387
O00244,ATOX1,0.021953526878394355
O00264,PGRMC1,0.01009613553105527
O00273,DFFA,-0.001965294140297002
O00299,CLIC1,0.0034175394909386494
O00303,EIF3F,-0.019834353885001293
O00410,IPO5,-0.013425983990451787
O00422,SAP18,-0.03816225816602011
O00425,IGF2BP3,-0.010274922664147045
O00429,DNM1L,0.0026263273562245073
O00442,RTCA,0.05025942669227475
O00469,PLOD2,0.060783627601495624
O00483,NDUFA4,0.001278126156509402
O00487,PSMD14,0.005063295930109911
O00505,KPNA3,-0.009489874366615313
O00560,SDCBP,-0.0491934761104063
O00567,NOP56,0.010048239976462453
O00571,DDX3X,-0.020257462321212248
O00625,PIR,-0.06808494602512453
O00629,KPNA4,0.02367609763778795
O00743,PPP6C,-0.005698567148453282
O00754,MAN2B1,0.03966342649527717
O00764,PDXK,0.000989875339641976
O14558,HSPB6,-0.07157564165080947
O14579,COPE,0.0001374609090234464
O14617,AP3D1,0.004564947224498501
O14672,ADAM10,-0.02466803811756497
O14737,PDCD5,-0.0341198551650691
O14744,PRMT5,0.010295686695619723
O14773,TPP1,0.008359119919918712
O14776,TCERG1,-0.03409541548592906
O14818,PSMA7,0.00121822966573111
O14828,SCAMP3,0.027585428098958815
O14880,MGST3,0.03399460865970279
O14907,TAX1BP3,-0.010354338182036913
O14949,UQCRQ,0.004740227250279656
O14964,HGS,-0.009204256325293814
O14974,PPP1R12A,0.003337308567214269
O14979,HNRNPDL,-0.04626960592879603
O14980,XPO1,-0.013626988219668684
O15067,PFAS,-0.060369483131448076
O15118,NPC1,0.039442964523400396
O15143,ARPC1B,0.009460270310146787
O15144,ARPC2,0.005854825738213929
O15145,ARPC3,0.013198712318941127
O15173,PGRMC2,0.0206994343502451
O15212,PFDN6,-0.03792239553443565
O15260,SURF4,0.021738540241098926
O15269,SPTLC1,0.0022856312324075244
O15347,HMGB3,-0.13025714627373616
O15355,PPM1G,-0.02203020621074096
O15371,EIF3D,-0.021873488429199534
O15372,EIF3H,0.0007884043531235976
O15400,STX7,0.004738500531815029
O15460,P4HA2,-0.0005201692066964628
O15498,YKT6,0.022143805353127603
O15511,ARPC5,0.01138429099576156
O15533,TAPBP,0.05675276488142813
O43143,DHX15,-0.013992314155705263
O43169,CYB5B,0.03623241482940244
O43175,PHGDH,-0.09719778028242676
O43237,DYNC1LI2,0.026244687910953773
O43242,PSMD3,0.007742061871951571
O43294,TGFB1I1,-0.10218435278268016
O43390,HNRNPR,-0.039649230961135686
O43396,TXNL1,0.01432051717587576
O43399,TPD52L2,0.017121293263503763
O43488,AKR7A2,-0.009822963051293048
O43491,EPB41L2,-0.08327376698030273
O43504,LAMTOR5,0.009723165384775214
O43592,XPOT,-0.019232673170694905
O43615,TIMM44,0.01587304660838085
O43617,TRAPPC3,0.01630844150340198
O43681,GET3,0.0027307055096855437
O43684,BUB3,-0.0428758442504122
O43707,ACTN4,-0.008590761461411717
O43747,AP1G1,0.009371533480149644
O43765,SGTA,0.011343408546617183
O43776,NARS1,0.004728330235824259
O43795,MYO1B,-0.004429333231010019
O43809,NUDT21,-0.011383045942864873
O43813,LANCL1,-0.010229014436637773
O43852,CALU,-0.004851549253331175
O43865,AHCYL1,-0.015837831057183078
O43920,NDUFS5,-0.006249511441462326
O60256,PRPSAP2,0.007447489034178557
O60437,PPL,0.05220846806667762
O60443,GSDME,0.034581537125059056
O60488,ACSL4,0.0006692677106579865
O60493,SNX3,0.01980743009332244
O60502,OGA,0.026450893641495627
O60506,SYNCRIP,-0.02608732963897627
O60568,PLOD3,-0.010283828897015979
O60610,DIAPH1,-0.01856927978191362
O60664,PLIN3,0.00924142725833516
O60684,KPNA6,0.0004643318703976086
O60701,UGDH,-0.03150215639075036
O60716,CTNND1,-0.009380396840487885
O60749,SNX2,0.014408562955760098
O60762,DPM1,0.0009313806381964539
O60763,USO1,0.024705557517107474
O60784,TOM1,0.018292560617629693
O60826,CCDC22,0.005058066043376058
O60831,PRAF2,0.021833878308381693
O60832,DKC1,-0.000765109879051349
O60841,EIF5B,0.0015244849874564337
O60884,DNAJA2,0.010248209243805772
O60888,CUTA,-0.013993739758745334
O60925,PFDN1,-0.007722124667974896
O75083,WDR1,0.008261575055119978
O75116,ROCK2,-0.026731942806265414
O75131,CPNE3,0.03190996938065056
O75306,NDUFS2,0.0018433399260576217
O75340,PDCD6,0.021384268231068815
O75347,TBCA,0.0031067688207442336
O75351,VPS4B,0.0038266814741004865
O75367,MACROH2A1,0.03142095829897502
O75368,SH3BGRL,0.013024064717807534
O75369,FLNB,0.041791528524282646
O75390,CS,0.011603597252782014
O75396,SEC22B,0.04855259767408399
O75400,PRPF40A,-0.01625721705724418
O75436,VPS26A,0.027659285070752736
O75439,PMPCB,0.006293819830503826
O75489,NDUFS3,0.00208147644337735
O75494,SRSF10,-0.050452413104821195
O75521,ECI2,0.023954928108250007
O75531,BANF1,-0.02833994284450295
O75534,CSDE1,-0.018421836464727857
O75608,LYPLA1,0.0174898718824011
O75643,SNRNP200,-0.03488432960270691
O75718,CRTAP,-0.01143796152371079
O75746,SLC25A12,0.038460275796492006
O75821,EIF3G,-0.0017875798556623197
O75822,EIF3J,-0.0010157913235801597
O75828,CBR3,-0.04217476811427282
O75832,PSMD10,0.016587797193811565
O75844,ZMPSTE24,0.03970865366387144
O75874,IDH1,-0.002121548548671877
O75915,ARL6IP5,0.03873543033740341
O75937,DNAJC8,-0.048593000376517634
O75947,ATP5PD,0.009971976658762146
O75955,FLOT1,-0.009120114516165376
O75964,ATP5MG,0.05240929965687515
O76003,GLRX3,-0.004131451402376832
O76021,RSL1D1,-0.013667549226552136
O76054,SEC14L2,0.0565018332153399
O76071,CIAO1,-0.009067932374332543
O76094,SRP72,-0.019264107579385684
O94760,DDAH1,0.03472870326605525
O94808,GFPT2,0.00017430197121501463
O94826,TOMM70,0.01745671146573543
O94855,SEC24D,-0.005987746875300524
O94874,UFL1,0.011544376267983315
O94903,PLPBP,-0.0036631265655709994
O94905,ERLIN2,0.011910707135404458
O94919,ENDOD1,0.031294067264736734
O94925,GLS,0.01126332300585189
O94973,AP2A2,0.010035966187988132
O94979,SEC31A,0.0032625222880999657
O95168,NDUFB4,0.0071321937239252845
O95202,LETM1,0.03254561091756693
O95292,VAPB,0.013640416858044641
O95299,NDUFA10,0.011867161360939427
O95302,FKBP9,-0.07158666310528354
O95336,PGLS,0.001845378652130153
O95340,PAPSS2,0.011059001711167844
O95372,LYPLA2,0.03896274503972733
O95373,IPO7,-0.004890023994879054
O95394,PGM3,0.010100438314268793
O95433,AHSA1,-0.002742813102867133
O95486,SEC24A,0.020173057865801834
O95487,SEC24B,0.009142903620739473
O95571,ETHE1,0.003464147832284399
O95573,ACSL3,-0.004836561940332767
O95747,OXSR1,0.03954080653032092
O95757,HSPA4L,0.09183267341801349
O95782,AP2A1,0.008726152504672588
O95793,STAU1,0.005232836028769681
O95816,BAG2,-0.0109905572128014
O95817,BAG3,0.03208948599835656
O95831,AIFM1,0.009701047878826209
O95834,EML2,0.012189353224697604
O95865,DDAH2,-0.024432193658609793
O95881,TXNDC12,-0.002915810766501138
O96000,NDUFB10,-0.00878042353810037
O96005,CLPTM1,0.03982585781892634
O96008,TOMM40,-0.003717076328018884
P00338,LDHA,-0.005736237289352487
P00352,ALDH1A1,0.013245781389397578
P00367,GLUD1,0.020750292291629606
P00387,CYB5R3,0.011314141165242321
P00390,GSR,0.013155712515685885
P00403,MT-CO2,8.479349931636485e-05
P00441,SOD1,0.008984122437472288
P00491,PNP,0.03734745046994727
P00492,HPRT1,-0.013702412355416858
P00505,GOT2,0.020741553876213764
P00558,PGK1,0.01822810394043639
P00568,AK1,0.01772014373649
P00846,MT-ATP6,0.053439816688305046
P01033,TIMP1,0.05272000760582617
P01111,NRAS,0.08191340943221746
P01112,HRAS,0.19378872717703619
P01116,KRAS,-0.027944251743677092
P01889,HLA-B,0.02212121967702011
P02533,KRT14,0.06823064342476319
P02545,LMNA,-0.01035753930392903
P02751,FN1,0.008435299424388825
P02768,ALB,0.05132724785219262
P02771,AFP,-0.09373004176685397
P02786,TFRC,-0.03849299445326965
P02792,FTL,0.05412002141568884
P04004,VTN,0.05364843496314459
P04040,CAT,-0.008662029662542214
P04062,GBA1,0.03795871685389833
P04066,FUCA1,0.10888306588143878
P04075,ALDOA,0.020046023558415647
P04080,CSTB,0.0626024664149502
P04083,ANXA1,0.049164669056073716
P04179,SOD2,0.042383744529000685
P04181,OAT,-0.017813923356143634
P04216,THY1,-0.04350240773645705
P04264,KRT1,-0.08639683570415532
P04350,TUBB4A,-0.03186110222057371
P04406,GAPDH,0.029382016976050085
P04439,HLA-A,-0.002959656849423407
P04632,CAPNS1,0.006654416676165844
P04792,HSPB1,0.043740899442890044
P04843,RPN1,0.007976237900459269
P04844,RPN2,0.008424639217279012
P04899,GNAI2,0.012036598550599048
P05023,ATP1A1,-0.012695203235760765
P05026,ATP1B1,0.007087035638459764
P05091,ALDH2,0.01170960122538396
P05120,SERPINB2,0.13855686791852712
P05121,SERPINE1,0.0664895714371844
P05141,SLC25A5,0.0007573119007761806
P05198,EIF2S1,0.016145160239886755
P05362,ICAM1,0.058034947074246744
P05386,RPLP1,-0.006172909084561076
P05387,RPLP2,-0.00897650300515934
P05388,RPLP0,-0.004827581783241766
P05455,SSB,0.005900476572669416
P05556,ITGB1,-0.00455663724546484
P05783,KRT18,-0.01637210773854398
P05787,KRT8,-0.10621819996034408
P06132,UROD,-0.02611462903028433
P06396,GSN,0.03962043005213305
P06454,PTMA,-0.03223118613507961
P06576,ATP5F1B,0.0057538095859109364
P06703,S100A6,0.011324345984742258
P06730,EIF4E,0.03245915398170396
P06733,ENO1,-0.010626898575152992
P06737,PYGL,0.044050346616371645
P06744,GPI,0.014426919143650125
P06748,NPM1,-0.017606293173902072
P06753,TPM3,0.0038820598315432303
P06756,ITGAV,-0.038585326436897494
P06865,HEXA,0.03535839102661099
P07093,SERPINE2,-0.03370273414367601
P07099,EPHX1,0.022639534186494236
P07108,DBI,-0.03689222516106556
P07195,LDHB,0.0007990056672409143
P07203,GPX1,0.02705975617581532
P07237,P4HB,0.019913124036590624
P07339,CTSD,0.02425974441862889
P07355,ANXA2,0.039343501165374495
P07384,CAPN1,0.006845348384837912
P07437,TUBB,-0.021849993727352864
P07602,PSAP,0.03193747544586955
P07686,HEXB,0.04668655689819477
P07711,CTSL,0.08560567417490221
P07737,PFN1,-0.018838687710676788
P07741,APRT,0.020429068709366432
P07814,EPRS1,0.008581422088880346
P07858,CTSB,0.04072432410159777
P07900,HSP90AA1,-0.019968072774482794
P07910,HNRNPC,-0.03486544733871329
P07919,UQCRH,-0.003662967114262541
P07942,LAMB1,0.0009857361956542255
P07951,TPM2,0.017232508398719166
P07954,FH,-0.018488714602446842
P07996,THBS1,-0.04244513440996658
P08133,ANXA6,-0.008147082624525816
P08134,RHOC,0.027542858024845608
P08195,SLC3A2,-0.03578965786102922
P08237,PFKM,0.017931470657965104
P08238,HSP90AB1,-0.01418690660106693
P08240,SRPRA,0.012567488284440835
P08243,ASNS,-0.005499191555588497
P08559,PDHA1,-0.0016132579288574201
P08574,CYC1,0.021146257822231673
P08621,SNRNP70,-0.022222611012165994
P08648,ITGA5,-0.005161680317747517
P08670,VIM,0.011868177227662868
P08708,RPS17,-0.02615663948838171
P08727,KRT19,0.008077268803535861
P08729,KRT7,0.0422230490723311
P08758,ANXA5,-0.01463999527488906
P08865,RPSA,-0.021617236357999937
P09104,ENO2,0.010580776435400068
P09110,ACAA1,0.05061990988200169
P09211,GSTP1,0.013507295550869223
P09382,LGALS1,-0.023211801895326963
P09417,QDPR,-0.007871922217303807
P09429,HMGB1,-0.10672669764705488
P09493,TPM1,0.0007477719007241589
P09496,CLTA,-0.0016245164966349672
P09525,ANXA4,0.028673296633129768
P09622,DLD,0.007119235242826922
P09651,HNRNPA1,-0.035567067174389635
P09661,SNRPA1,-0.03635275868589037
P09669,COX6C,0.005606071356738984
P09874,PARP1,-0.0737403646701604
P09936,UCHL1,0.05776414032167243
P09960,LTA4H,0.03733431525658499
P09972,ALDOC,-0.03270817769313295
P10155,RO60,0.007510569852618839
P10253,GAA,0.07017922635754044
P10301,RRAS,0.008877893387291272
P10321,HLA-C,0.023106823045103832
P10412,H1-4,-0.12104954721276802
P10515,DLAT,0.010908625306029611
P10586,PTPRF,-0.05369877342401116
P10599,TXN,0.005943740411121438
P10606,COX5B,-0.012522935879825064
P10619,CTSA,0.026681858200279084
P10644,PRKAR1A,-0.010728543427390779
P10768,ESD,-0.001917947465173764
P10809,HSPD1,0.0010072616978798964
P11021,HSPA5,-0.0008087384472557698
P11047,LAMC1,-0.010160385121565531
P11117,ACP2,0.02546670600348815
P11142,HSPA8,-0.0046243254311524856
P11166,SLC2A1,-0.02048844665537519
P11177,PDHB,0.009535933391458919
P11216,PYGB,0.033999607574882386
P11217,PYGM,0.034947095644584064
P11233,RALA,0.06479800133999054
P11279,LAMP1,0.006615799108575279
P11310,ACADM,0.001129405483240937
P11387,TOP1,-0.005855831130881645
P11413,G6PD,-0.0288262334838214
P11586,MTHFD1,-0.05058445521878672
P11717,IGF2R,0.01777661983814091
P11766,ADH5,-0.0038954921940849005
P11908,PRPS2,-0.03072548618717567
P11940,PABPC1,-0.011936907212071256
P12004,PCNA,-0.06660350690388553
P12081,HARS1,0.021357513062329657
P12109,COL6A1,-0.06067075256008673
P12111,COL6A3,0.006488715976680917
P12236,SLC25A6,0.013373689933792583
P12268,IMPDH2,-0.03254722304471745
P12270,TPR,-0.03685023124603381
P12277,CKB,0.0841643496395795
P12429,ANXA3,0.057605889813127156
P12814,ACTN1,0.01881145432675895
P12955,PEPD,-0.02868674758610893
P12956,XRCC6,-0.029461461842656324
P13010,XRCC5,-0.024168751494498503
P13073,COX4I1,0.009209049825670246
P13473,LAMP2,0.028275213994879634
P13489,RNH1,-0.0040586666647301935
P13639,EEF2,-0.002960232928969607
P13645,KRT10,-0.05757739288767093
P13647,KRT5,-0.13684348374194574
P13667,PDIA4,-0.013880627110472022
P13674,P4HA1,0.02699028960539061
P13693,TPT1,0.026272593341832663
P13796,LCP1,0.12260805907805092
P13797,PLS3,0.02169834731728482
P13798,APEH,-0.023825220135465678
P13804,ETFA,0.005886989384795484
P13807,GYS1,0.014294753120729264
P13861,PRKAR2A,-0.010155615345007538
P13929,ENO3,-0.0007631178255554695
P13987,CD59,-0.008101038122638664
P14174,MIF,-0.0008441325807912045
P14314,PRKCSH,0.00422504119823604
P14324,FDPS,-0.01634020320645353
P14406,COX7A2,-0.012620479753354565
P14550,AKR1A1,0.01364267780824606
P14618,PKM,0.025775919976691066
P14625,HSP90B1,-0.006770336689369084
P14649,MYL6B,0.016306905364561357
P14854,COX6B1,-0.009756621745284744
P14866,HNRNPL,-0.03128646480409872
P14868,DARS1,-0.012948901946498838
P14923,JUP,0.0013825946865293846
P14927,UQCRB,0.01170866777117406
P15121,AKR1B1,-0.01817599548282307
P15144,ANPEP,0.06100869906714112
P15151,PVR,0.062353215826374646
P15153,RAC2,0.03581961641722804
P15170,GSPT1,-0.005343940850649403
P15289,ARSA,0.05394712670649699
P15311,EZR,-0.05556315640961135
P15374,UCHL3,0.04806480499596698
P15531,NME1,0.052656433359392005
P15559,NQO1,-0.000628286345589405
P15586,GNS,0.014425299711906245
P15880,RPS2,-0.02533828913510724
P15924,DSP,0.009435807248090667
P16070,CD44,-0.01661316315634201
P16152,CBR1,0.016669823596104933
P16278,GLB1,0.04297682210042671
P16401,H1-5,-0.1386459763458791
P16402,H1-3,-0.11117802035424643
P16403,H1-2,-0.12464278913127481
P16435,POR,0.010041895789104907
P16615,ATP2A2,0.016706126328964056
P16930,FAH,-0.021943776651627306
P16949,STMN1,-0.12741056517514793
P16989,YBX3,-0.02846518907171713
P17050,NAGA,0.013447989583763753
P17096,HMGA1,0.021964478114098043
P17174,GOT1,0.018010143371498335
P17301,ITGA2,0.07536104067589022
P17405,SMPD1,-0.00013982800379840066
P17655,CAPN2,0.019542348638881747
P17812,CTPS1,-0.00795864345757496
P17844,DDX5,-0.03209226789320224
P17858,PFKL,-0.000691300851602832
P17900,GM2A,0.12182081748693682
P17931,LGALS3,-0.009066914621537248
P17980,PSMC3,0.0018540181537177005
P17987,TCP1,0.0008474852033888277
P18031,PTPN1,0.05203327835358096
P18077,RPL35A,-0.021089945207019133
P18084,ITGB5,-0.030997330748046403
P18085,ARF4,0.05582809246845814
P18124,RPL7,-0.03259379121324434
P18206,VCL,0.023736242020305748
P18621,RPL17,-0.05543963539376869
P18669,PGAM1,0.010965718599168131
P18754,RCC1,-0.04148625498915426
P18859,ATP5PF,-0.002634114336032319
P19338,NCL,-0.018543944627152538
P19367,HK1,0.0280239143067311
P19404,NDUFV2,-0.0030680048496585207
P19525,EIF2AK2,0.03343933359154265
P19623,SRM,0.0150166073409721
P19971,TYMP,0.04757889065817229
P20020,ATP2B1,0.01159996997307623
P20042,EIF2S2,0.002521453454618102
P20073,ANXA7,0.008708845891533689
P20339,RAB5A,0.019922188300244635
P20340,RAB6A,0.033547192198351804
P20591,MX1,0.12360629245300654
P20618,PSMB1,0.004775821167047485
P20645,M6PR,0.011540363600126497
P20674,COX5A,0.007472844360456632
P20700,LMNB1,-0.11027480754212123
P20810,CAST,0.024914850675578852
P21266,GSTM3,0.03220906545638544
P21281,ATP6V1B2,0.01856858362283138
P21291,CSRP1,0.012244960443406899
P21333,FLNA,-0.001034620444735773
P21399,ACO1,-0.010382376229839662
P21589,NT5E,0.05736046064230691
P21796,VDAC1,0.04019073010323458
P21912,SDHB,-0.004534650865270264
P21926,CD9,-0.01370914433846838
P21964,COMT,0.046629794761422816
P21980,TGM2,0.09733607428016147
P22059,OSBP,0.02320307881859957
P22061,PCMT1,0.01028231736804461
P22087,FBL,0.0038851701037744477
P22102,GART,-0.012404335608535783
P22234,PAICS,-0.03037401033750017
P22307,SCP2,-0.006264949229458727
P22314,UBA1,0.014001400881697313
P22392,NME2,0.01846228181337121
P22413,ENPP1,-0.14161492216485108
P22570,FDXR,0.10811798799557486
P22626,HNRNPA2B1,-0.03598689923836106
P22694,PRKACB,0.0087442341305228
P22695,UQCRC2,0.006683713751013579
P23229,ITGA6,0.0068249897623884935
P23246,SFPQ,-0.03562607129455082
P23284,PPIB,0.01482191516151347
P23368,ME2,0.021886688342990884
P23381,WARS1,0.044078862214535906
P23396,RPS3,-0.0015280443854779556
P23526,AHCY,0.019796397560186346
P23528,CFL1,0.006794924497504962
P23588,EIF4B,-0.023713874533937782
P23634,ATP2B4,0.014870150818179328
P23786,CPT2,0.03756370554446857
P23919,DTYMK,-0.06981024252364128
P23921,RRM1,-0.09808301905420914
P24534,EEF1B2,0.0022612685163056123
P24539,ATP5PB,0.030386546955718886
P24666,ACP1,0.0012209466339088428
P24752,ACAT1,-0.0035754169504444958
P25325,MPST,0.010976736491217347
P25398,RPS12,-0.01357236311167673
P25685,DNAJB1,0.004162423631962715
P25705,ATP5F1A,0.011646561762969783
P25786,PSMA1,0.005079413799048373
P25787,PSMA2,0.005749519697351098
P25788,PSMA3,-0.007651633693596384
P25789,PSMA4,0.00102062892997529
P26006,ITGA3,-0.01812264479177333
P26038,MSN,0.010756927231055929
P26196,DDX6,-0.0017782474783488733
P26368,U2AF2,-0.03908928257436065
P26373,RPL13,-0.037876046466340636
P26447,S100A4,-0.08009344000652596
P26599,PTBP1,-0.025610790081939196
P26639,TARS1,0.0033987102895059558
P26640,VARS1,0.009622321821684958
P26641,EEF1G,0.02037541898612902
P26885,FKBP2,0.010858882297393893
P27105,STOM,0.008760855096177288
P27348,YWHAQ,-0.010987237692511075
P27361,MAPK3,0.00782866667179829
P27487,DPP4,0.004828843606615359
P27635,RPL10,-0.024114397705943754
P27694,RPA1,-0.04583726470378192
P27695,APEX1,0.007044252639334825
P27708,CAD,-0.040137682476908784
P27797,CALR,0.007858901222670451
P27816,MAP4,0.007596439380412094
P27824,CANX,0.009642315923417358
P28066,PSMA5,0.005507128429576507
P28070,PSMB4,0.030533765278168014
P28072,PSMB6,-0.0006958810194985891
P28074,PSMB5,0.000879909399043583
P28288,ABCD3,0.02919867786135157
P28331,NDUFS1,0.0017025810680693608
P28482,MAPK1,0.0038771893953785694
P28799,GRN,0.02365430020741052
P28838,LAP3,0.04692461389674979
P29144,TPP2,-0.011868101002080274
P29218,IMPA1,-0.0019981833190804298
P29279,CCN2,-0.09063120894855493
P29401,TKT,-0.005039946144547091
P29558,RBMS1,0.012492186361033272
P29590,PML,0.0678453259391892
P29692,EEF1D,0.014289869441220503
P29992,GNA11,0.0034088273874955696
P30038,ALDH4A1,0.0029735502997571164
P30040,ERP29,-0.012604655131151424
P30041,PRDX6,0.015463560819763118
P30043,BLVRB,0.034991010272441156
P30044,PRDX5,0.007069580760924972
P30046,DDT,0.02311022703095485
P30048,PRDX3,0.009842136552459853
P30049,ATP5F1D,0.02608287122914368
P30050,RPL12,-0.008720331900616721
P30084,ECHS1,0.010685575135706659
P30085,CMPK1,0.029783750792861274
P30086,PEBP1,0.010879135753317231
P30101,PDIA3,0.0028883254648823025
P30153,PPP2R1A,0.010123678265029067
P30260,CDC27,-0.03235240906111974
P30419,NMT1,0.0003393251651385471
P30519,HMOX2,0.04667072028914933
P30520,ADSS2,-0.020782496967731885
P30533,LRPAP1,0.03355806185427406
P30566,ADSL,-0.01602175328604005
P30626,SRI,0.012341934410526502
P30740,SERPINB1,0.019382291587429594
P30825,SLC7A1,-0.10882700220619622
P30837,ALDH1B1,0.041177716871829965
P31040,SDHA,0.006821768445679828
P31150,GDI1,0.02878292220607797
P31153,MAT2A,-0.013819920694559633
P31483,TIA1,-0.056972192642205176
P31689,DNAJA1,0.013921957653057036
P31930,UQCRC1,0.02560564573025629
P31937,HIBADH,-0.018111414169397867
P31939,ATIC,-0.00828248971374145
P31942,HNRNPH3,-0.03295239308209016
P31943,HNRNPH1,-0.029662441020408794
P31946,YWHAB,-0.004597142419333519
P31947,SFN,-0.04336412349950284
P31948,STIP1,-0.0062629654175824345
P31949,S100A11,0.058088474157265056
P32119,PRDX2,0.009136041665861528
P32322,PYCR1,-0.019446036663501226
P32969,RPL9; RPL9P7; RPL9P8; RPL9P9,-0.024772774906402683
P33121,ACSL1,0.007451249456068628
P33176,KIF5B,0.004743249634504641
P33240,CSTF2,-0.0246561256243429
P33316,DUT,-0.12832462674644723
P33527,ABCC1,0.004369901626105067
P33992,MCM5,-0.20948962264597798
P34897,SHMT2,-0.052834983075731014
P34932,HSPA4,0.016940219560203595
P35080,PFN2,0.01396515762702461
P35221,CTNNA1,-0.010191064048265409
P35222,CTNNB1,-0.05141372063264321
P35232,PHB1,0.0037635957471475923
P35237,SERPINB6,-0.038894431905972304
P35241,RDX,0.03352902532560124
P35268,RPL22,-0.017422632644634953
P35527,KRT9,-0.04192046253324632
P35579,MYH9,0.006071295710597156
P35580,MYH10,-0.05038793035608684
P35606,COPB2,0.011787429020878037
P35611,ADD1,-0.049788037119724605
P35613,BSG,0.03246339438381547
P35637,FUS,-0.0631597069157299
P35659,DEK,-0.0802717693402041
P35754,GLRX,0.07036091746672817
P35914,HMGCL,0.045245098294134915
P35998,PSMC2,0.008813095933948087
P36405,ARL3,-0.02085964433479917
P36542,ATP5F1C,0.014500291023322774
P36543,ATP6V1E1,0.014049688811573795
P36578,RPL4,-0.05272308660537486
P36776,LONP1,-0.012641917123506898
P36871,PGM1,0.012668850950295607
P36873,PPP1CC,-0.008770910312114416
P36915,GNL1,0.004154966310684365
P36957,DLST,0.02405398387286186
P36969,GPX4,-0.04847469761169049
P37108,SRP14,-0.09586308912624168
P37802,TAGLN2,-0.014657807796694764
P37837,TALDO1,0.006680243715492916
P38117,ETFB,0.02246009269864337
P38159,RBMX,-0.05303908965992012
P38435,GGCX,-0.014501080785982518
P38606,ATP6V1A,0.020310302106511722
P38646,HSPA9,0.02634515233305674
P38919,EIF4A3,-0.025006739450278665
P39019,RPS19,-0.00751316656240906
P39023,RPL3,-0.029204957889731462
P39656,DDOST,0.01702463987791455
P39687,ANP32A,-0.023118959702860844
P40121,CAPG,0.02100521319426032
P40227,CCT6A,-0.000766037552115729
P40261,NNMT,-0.014783984622575519
P40429,RPL13A,-0.04291214068408584
P40616,ARL1,0.01939432127408777
P40925,MDH1,0.019525106679000443
P40926,MDH2,0.018488720780735577
P40939,HADHA,0.024139760036502023
P41091,EIF2S3,0.018053144094016486
P41240,CSK,0.005350119328931321
P41250,GARS1,0.012369189409191706
P41252,IARS1,0.005384080589333595
P41567,EIF1,-0.01774353987820581
P42025,ACTR1B,-0.00958039427960068
P42126,ECI1,-0.021986840695996906
P42166,TMPO,-0.1439150568871593
P42167,TMPO,-0.10067861172169609
P42224,STAT1,0.06580897746722245
P42704,LRPPRC,-0.008000033329221553
P42765,ACAA2,-0.016069379912709666
P42766,RPL35,-0.08119176961502315
P42771,CDKN2A,0.04535256910031771
P42785,PRCP,0.016226502873645767
P43034,PAFAH1B1,0.026459022812767758
P43121,MCAM,0.005070541113224776
P43243,MATR3,-0.043276126392727425
P43304,GPD2,-0.004482121853486935
P43307,SSR1,0.020168029111785314
P43487,RANBP1,-0.05967761717248724
P43490,NAMPT,0.027211225397684953
P43686,PSMC4,0.008468094111812622
P45880,VDAC2,0.06314667248343273
P45974,USP5,0.005600686933742249
P46060,RANGAP1,-0.017515973385474948
P46063,RECQL,0.006441649512273545
P46087,NOP2,-0.004734174275263078
P46108,CRK,0.0007875301454193676
P46109,CRKL,0.0007705541075575092
P46379,BAG6,-0.0054963317115281265
P46459,NSF,0.0145153074253129
P46776,RPL27A,-0.03175228199964636
P46777,RPL5,-0.029031862514092482
P46778,RPL21,-0.04840300560331921
P46779,RPL28,-0.05946717687419161
P46781,RPS9,-0.009255235226821465
P46782,RPS5,-0.003041569877343369
P46783,RPS10,-0.04190309144287607
P46821,MAP1B,0.03042818828545954
P46926,GNPDA1,0.024257597273394643
P46940,IQGAP1,0.006729826951681976
P46976,GYG1,0.001724166045623804
P46977,STT3A,0.0005497095973227055
P47755,CAPZA2,-0.00015861810853231868
P47756,CAPZB,0.00802537059253386
P47897,QARS1,-0.01087031447327732
P47914,RPL29,0.011107951088885872
P47985,UQCRFS1,0.025405940709132713
P48047,ATP5PO,0.01312135353443789
P48059,LIMS1,0.006039939054629871
P48147,PREP,0.009374840195857454
P48163,ME1,0.047139287596910225
P48444,ARCN1,-1.3522830900948245e-05
P48449,LSS,-0.050776543178707466
P48507,GCLM,0.034663575662596945
P48509,CD151,-0.02965356945928971
P48556,PSMD8,-0.0001521194481433454
P48637,GSS,0.028427682159211962
P48643,CCT5,-0.005894336371656231
P48651,PTDSS1,0.01932621240286064
P48681,NES,0.03810360991819557
P48735,IDH2,-0.008760761104062487
P48739,PITPNB,-0.010358920358303722
P49023,PXN,0.01911603927600621
P49189,ALDH9A1,0.02073638478663106
P49207,RPL34,-0.002000204368849989
P49257,LMAN1,0.0007901361226054067
P49321,NASP,-0.13653410289973705
P49327,FASN,-0.043257149548753315
P49368,CCT3,-0.0012322670426208498
P49411,TUFM,0.002035496210857594
P49419,ALDH7A1,-0.008444287250892208
P49458,SRP9,-0.04895081967497679
P49585,PCYT1A,0.018301146704323725
P49588,AARS1,-0.03130704498187686
P49589,CARS1,0.021555793288502375
P49591,SARS1,0.017962360686712205
P49593,PPM1F,0.0005665761074463815
P49720,PSMB3,0.006035195462628376
P49721,PSMB2,-0.0010229377173296681
P49748,ACADVL,0.020900253939031277
P49755,TMED10,0.010020193384159307
P49773,HINT1,0.022812971342873144
P49792,RANBP2,-0.03343449739104888
P49821,NDUFV1,0.009532104002971307
P49915,GMPS,-0.04127763003654589
P50148,GNAQ,0.0006897053841576012
P50213,IDH3A,0.010151090146451857
P50281,MMP14,0.022033896925080298
P50395,GDI2,0.0053419073240269606
P50402,EMD,-0.0041717764611912695
P50452,SERPINB8,0.02730273050565079
P50453,SERPINB9,-0.019674268685933378
P50454,SERPINH1,-0.05036481276958454
P50479,PDLIM4,0.012888496731364467
P50502,ST13,-0.009409352005126622
P50552,VASP,-0.015862609936444446
P50570,DNM2,0.013139078172980061
P50579,METAP2,-0.026530082249686282
P50583,NUDT2,0.009249655127006613
P50895,BCAM,0.039833141424553735
P50897,PPT1,-0.03181042967212037
P50914,RPL14,-0.0004251794247097553
P50990,CCT8,-0.0024117664437155904
P50991,CCT4,0.0023222131185727337
P50995,ANXA11,-0.021585860486278554
P51114,FXR1,-0.007282998707185064
P51116,FXR2,-0.0152272417509919
P51148,RAB5C,0.012184351848924814
P51149,RAB7A,0.01629038693829378
P51153,RAB13,-0.014978571291408104
P51452,DUSP3,0.03609243255213996
P51570,GALK1,-0.015736808475296123
P51571,SSR4,0.0032137551530111927
P51572,BCAP31,0.03882196830419484
P51610,HCFC1,-0.04630523442086406
P51636,CAV2,-0.011956122616350855
P51659,HSD17B4,0.016384631002604077
P51665,PSMD7,0.00801129186039107
P51858,HDGF,-0.00026008527685936883
P51911,CNN1,0.08591624350388893
P51970,NDUFA8,-0.016622953841069314
P51991,HNRNPA3,-0.016889233310222747
P52209,PGD,0.01818180974403048
P52272,HNRNPM,-0.04520512407082803
P52292,KPNA2,-0.0818588309940564
P52294,KPNA1,0.0020084526903665647
P52565,ARHGDIA,-0.01130807221917705
P52566,ARHGDIB,-0.03365172831910456
P52597,HNRNPF,-0.04584338108391918
P52630,STAT2,-0.015673062696259236
P52788,SMS,-0.028713629669212013
P52789,HK2,0.03886076379026017
P52815,MRPL12,-0.004923191565018562
P52888,THOP1,-0.007492252022402549
P52907,CAPZA1,0.007686391728388907
P52943,CRIP2,-0.04115580422437843
P53004,BLVRA,0.007375467066326001
P53007,SLC25A1,0.01453093710029135
P53041,PPP5C,-0.007812469843004696
P53396,ACLY,-0.0008011199625028009
P53597,SUCLG1,-0.00437223532743615
P53618,COPB1,0.01526224651524685
P53621,COPA,0.0056002570368745164
P53634,CTSC,-0.02002821504288795
P53680,AP2S1,0.015555260644515305
P53801,PTTG1IP,0.02946070108011155
P53992,SEC24C,0.03599303782188389
P53999,SUB1,-0.007234329940905048
P54105,CLNS1A,0.0018347627682006843
P54136,RARS1,0.00534107574316819
P54289,CACNA2D1,-0.007715584636893975
P54577,YARS1,0.0037257103090100807
P54578,USP14,0.017718455291977197
P54652,HSPA2,-0.005002036758671724
P54687,BCAT1,0.011127069690674219
P54709,ATP1B3,-0.014181022052891625
P54727,RAD23B,0.02440048678840407
P54803,GALC,0.048107158014705054
P54819,AK2,-0.005319757315036375
P54886,ALDH18A1,-0.015831433482972456
P54920,NAPA,0.01854424749115121
P55010,EIF5,-0.0201024606955792
P55036,PSMD4,0.0036239516932883116
P55039,DRG2,0.005505829300727986
P55060,CSE1L,-0.028527496268847045
P55072,VCP,0.0020255916775649896
P55084,HADHB,0.031184498320205527
P55145,MANF,-0.013448932522834911
P55209,NAP1L1,-0.03372958362856606
P55265,ADAR,0.006195955492080803
P55735,SEC13,-0.006094357039967804
P55769,SNU13,0.0005450442606921848
P55786,NPEPPS,0.028991060983552804
P55795,HNRNPH2,0.017067215601250126
P55884,EIF3B,-0.007765808161557177
P56134,ATP5MF,0.022409729760316337
P56192,MARS1,-0.0016062611921230927
P56211,ARPP19,-0.03437824726768307
P56385,ATP5ME,0.027209077665150544
P56537,EIF6,0.01366874285957341
P57088,TMEM33,0.02073868945998598
P57721,PCBP3,-0.005355256722581005
P58107,EPPK1,0.06237819949144757
P58546,MTPN,0.017826288607933474
P59998,ARPC4,0.02443633349228439
P60033,CD81,-0.004489780858178516
P60174,TPI1,0.0006031413479161071
P60228,EIF3E,0.002693766016437034
P60602,ROMO1,0.02114788808280721
P60660,MYL6,0.0011787358552607147
P60709,ACTB,-0.0020777409480088526
P60842,EIF4A1,-0.002632182051810573
P60866,RPS20,-0.0023990830390953196
P60891,PRPS1,-0.009939464339452293
P60900,PSMA6,-0.002589923011170632
P60903,S100A10,0.016417515324894064
P60953,CDC42,-0.004188140235007079
P60981,DSTN,-0.0006269202475144847
P60983,GMFB,0.0040646826656616005
P61006,RAB8A,-0.035930054137926166
P61009,SPCS3,0.03146834823740432
P61011,SRP54,0.004051107218891751
P61019,RAB2A,0.0013098922933557247
P61020,RAB5B,0.03549761814881419
P61026,RAB10,0.025168687010180792
P61081,UBE2M,0.026731225281273176
P61086,UBE2K,-0.00029247424276025735
P61088,UBE2N,0.011931975415524638
P61106,RAB14,0.021909060200311272
P61158,ACTR3,0.018714804594965984
P61160,ACTR2,0.023868661942522452
P61163,ACTR1A,0.002807803800071469
P61201,COPS2,-0.0025861639052768342
P61221,ABCE1,-0.00027698884611175194
P61224,RAP1B,0.02708741666580734
P61247,RPS3A,-0.041784289055780376
P61289,PSME3,-0.03977240215851502
P61313,RPL15,-0.00936966801684638
P61353,RPL27,-0.055202397916481634
P61421,ATP6V0D1,0.04888828275563084
P61513,RPL37A,-0.026671653600310596
P61586,RHOA,0.02945650179159307
P61604,HSPE1,-0.0018868013894025872
P61619,SEC61A1,0.05520916404124793
P61758,VBP1,-0.006265617851195939
P61764,STXBP1,0.02642933365988714
P61803,DAD1,0.005071558666428452
P61916,NPC2,0.03260961755063567
P61923,COPZ1,-0.011581875717346866
P61960,UFM1,0.013781595650074108
P61970,NUTF2,-0.0014427413158532817
P61978,HNRNPK,-0.042096738314084337
P61981,YWHAG,0.027550154813932616
P62070,RRAS2,0.02745200900674245
P62081,RPS7,-0.032703547558947145
P62136,PPP1CA,-0.03874524599368543
P62140,PPP1CB,0.0010864209815975355
P62191,PSMC1,0.020480529485135478
P62195,PSMC5,-0.0029081128138178573
P62241,RPS8,-0.045836563791784614
P62244,RPS15A,-0.022655185369711246
P62249,RPS16,-0.023719120903669327
P62258,YWHAE,-0.004529770430557897
P62263,RPS14,-0.00439121136228904
P62266,RPS23,-0.010229346747588876
P62269,RPS18,-0.01253204425256305
P62273,RPS29,-0.0007882631696050664
P62277,RPS13,-0.015740155548872935
P62280,RPS11,-0.0258801918642704
P62304,SNRPE,-0.010708003866889176
P62310,LSM3,-0.06137574167773783
P62314,SNRPD1,-0.006774531335085052
P62316,SNRPD2,-0.043720595036785145
P62318,SNRPD3,-0.02353654425678762
P62328,TMSB4X,0.03272690492154238
P62333,PSMC6,-0.000678576690890019
P62424,RPL7A,-0.02297003351723898
P62495,ETF1,0.017307517499384927
P62633,CNBP,-0.021954122270877924
P62701,RPS4X,-0.01511280356443601
P62714,PPP2CB,0.010261681725195242
P62750,RPL23A,-0.04062280453874666
P62753,RPS6,-0.04337355466369231
P62805,H4C1; H4C2; H4C3; H4C4; H4C5; H4C6; H4C8; H4C9; H4C11; H4C12; H4C13; H4C14; H4C15; H4C16,-0.09825508782374233
P62820,RAB1A,0.008347715697186843
P62826,RAN,-0.03138326015023772
P62829,RPL23,-0.03714525323350427
P62841,RPS15,-0.01561516729902115
P62847,RPS24,-0.06403481825553725
P62851,RPS25,-0.03271344433874503
P62854,RPS26,-0.02521598205708781
P62857,RPS28,-0.04404387942062732
P62861,FAU,-0.05722738000466781
P62873,GNB1,0.016458822759753074
P62879,GNB2,0.010723381476937296
P62888,RPL30,-0.026889805522055422
P62899,RPL31,-0.06278873935918358
P62906,RPL10A,-0.016563255077815454
P62910,RPL32,-0.04784100577404581
P62913,RPL11,0.004246371062555738
P62917,RPL8,-0.0518576413568257
P62937,PPIA,-0.01268773755208553
P62942,FKBP1A,0.03434619078711408
P62979,RPS27A,-0.021762529384987257
P62993,GRB2,0.030751883829943077
P62995,TRA2B,-0.040734579055818745
P63000,RAC1,0.010481190514318397
P63010,AP2B1,-9.635941051067507e-05
P63027,VAMP2,0.03598649574106059
P63096,GNAI1,0.012532577974900259
P63104,YWHAZ,0.0016626137137825546
P63151,PPP2R2A,0.03772832551266573
P63167,DYNLL1,-0.01190977747843371
P63173,RPL38,-0.04630590585133621
P63208,SKP1,0.0003287145743931832
P63220,RPS21,-0.03678411362912099
P63241,EIF5A,-0.006599454931135046
P63244,RACK1,-0.01141638061392583
P63261,ACTG1,0.012877093058045479
P63279,UBE2I,-0.019868996116323943
P63313,TMSB10,-0.018182348310627098
P67775,PPP2CA,-0.018496930974103074
P67809,YBX1,-0.02025687007489756
P67812,SEC11A,-0.0010259663154732587
P67870,CSNK2B,0.020236991746864632
P67936,TPM4,-0.024519246338335292
P68036,UBE2L3,0.010647557380712725
P68104,EEF1A1,-0.002420758662712661
P68133,ACTA1,0.02124675486103957
P68366,TUBA4A,-0.010682162342057835
P68371,TUBB4B,-0.025443959310710546
P68400,CSNK2A1,0.010933221496601794
P68402,PAFAH1B2,0.019047151407600268
P69905,HBA1; HBA2,0.018799831032728257
P78330,PSPH,0.022451023759076604
P78344,EIF4G2,-0.003362777898846898
P78371,CCT2,-0.003960510507611892
P78417,GSTO1,0.01986554798783291
P78527,PRKDC,-0.026755786246043762
P78559,MAP1A,0.0703072951229254
P80303,NUCB2,-0.024444061145752226
P80723,BASP1,0.06190900278265412
P82979,SARNP,-0.04268456799370043
P83731,RPL24,-0.059132508142445646
P84090,ERH,-0.04540826371289587
P84095,RHOG,0.033335188482414894
P84098,RPL19,-0.02541886757121198
P84103,SRSF3,-0.02934096421065563
P84243,H3-3A; H3-3B,-0.09456393734897561
P98082,DAB2,0.030045252520531748
P98160,HSPG2,-0.03486113956910807
P98179,RBM3,-0.11304550901573755
P99999,CYCS,0.04114971948426456
Q00169,PITPNA,0.012420932524924358
Q00325,SLC25A3,0.005012078414840027
Q00341,HDLBP,-0.03329297868106308
Q00577,PURA,0.013458839445225025
Q00610,CLTC,0.020511621841193626
Q00688,FKBP3,0.009835317970238585
Q00796,SORD,0.003891679747338374
Q00839,HNRNPU,-0.057315193688116044
Q01082,SPTBN1,-0.016339974993246815
Q01105,SET,-0.021953129784811006
Q01130,SRSF2,-0.04766326403575809
Q01469,FABP5,0.0029454620748186225
Q01518,CAP1,0.014591919316549837
Q01581,HMGCS1,-0.07185086293843519
Q01628,IFITM3,-0.07053328993736067
Q01813,PFKP,-0.014123634173034652
Q01844,EWSR1,-0.018284873159047595
Q01995,TAGLN,0.11600106632677605
Q02218,OGDH,0.028179280980822164
Q02543,RPL18A,-0.02874378287781738
Q02790,FKBP4,-0.006439396735057763
Q02809,PLOD1,0.02863721764640329
Q02818,NUCB1,-0.013665084142064896
Q02878,RPL6,-0.03086556099175009
Q02952,AKAP12,-0.03355711004940735
Q02978,SLC25A11,0.03536106968202546
Q03135,CAV1,-0.06696200075337787
Q03252,LMNB2,-0.0319225758124986
Q03518,TAP1,0.062227153567746094
Q04206,RELA,0.019370624568170045
Q04323,UBXN1,-0.02150175436928887
Q04446,GBE1,0.04807317235008771
Q04637,EIF4G1,-0.004800252711040238
Q04760,GLO1,-0.0031269829012940515
Q04828,AKR1C1,0.09351955601725014
Q04837,SSBP1,0.02276626518040978
Q04917,YWHAH,0.006548357796992138
Q04941,PLP2,-0.011525839762517361
Q05519,SRSF11,-0.03229926541967674
Q05639,EEF1A2,-0.04652892913811015
Q05682,CALD1,0.019356399794188007
Q06190,PPP2R3A,-0.12156764257564415
Q06210,GFPT1,0.029481011981563398
Q06323,PSME1,-0.005567883581752834
Q06830,PRDX1,0.01493106158334531
Q07020,RPL18,-0.004623524145578331
Q07021,C1QBP,0.012628515991445445
Q07065,CKAP4,0.035003821859494105
Q07812,BAX,0.014512786329747032
Q07866,KLC1,0.004523257180462115
Q07954,LRP1,-0.0566088358902244
Q07955,SRSF1,-0.028621043843381454
Q07960,ARHGAP1,-0.0011676824425035956
Q08209,PPP3CA,0.0020329549075689874
Q08211,DHX9,-0.023752699059417366
Q08257,CRYZ,0.016910807928338954
Q08431,MFGE8,0.013217066936628332
Q08945,SSRP1,-0.07018474774463876
Q08J23,NSUN2,0.003934663074663271
Q09028,RBBP4,-0.045765710208977135
Q09666,AHNAK,-0.038192016835320815
Q0ZGT2,NEXN,0.018772129805015903
Q10471,GALNT2,-0.00376278027685788
Q10567,AP1B1,0.014646149532136582
Q10713,PMPCA,0.018010565562423305
Q12765,SCRN1,0.0034726988300466262
Q12768,WASHC5,0.000759367228498107
Q12792,TWF1,0.007698514302740239
Q12797,ASPH,-0.007629108736329984
Q12841,FSTL1,-0.051220884540098044
Q12904,AIMP1,-0.0024322615051614524
Q12905,ILF2,-0.011334733247071956
Q12906,ILF3,-0.03065260089885215
Q12907,LMAN2,0.008985125037589387
Q12931,TRAP1,-0.030592198712815617
Q12965,MYO1E,0.00217952883238611
Q13011,ECH1,-0.03365928031746239
Q13045,FLII,-0.01617899386295284
Q13098,GPS1,0.007833945966477693
Q13126,MTAP,0.00810868398420623
Q13131,PRKAA1,0.032322004912954595
Q13148,TARDBP,-0.013808768739389332
Q13151,HNRNPA0,-0.07096347800732847
Q13155,AIMP2,0.006471901629250962
Q13162,PRDX4,0.022040381395556783
Q13177,PAK2,0.0021370245612250525
Q13185,CBX3,-0.03810711978710384
Q13200,PSMD2,0.016653682422683055
Q13232,NME3,0.05124668254718351
Q13242,SRSF9,-0.020736508297025787
Q13247,SRSF6,-0.034732346765765205
Q13263,TRIM28,-0.044947690964581496
Q13283,G3BP1,-0.03439577287843283
Q13308,PTK7,-0.04812170142083973
Q13310,PABPC4,-0.009209622920960406
Q13347,EIF3I,-0.013742840888613824
Q13404,UBE2V1,0.01020763343974922
Q13409,DYNC1I2,0.021585080029509814
Q13418,ILK,-0.005663714598571957
Q13423,NNT,0.0011134711734192037
Q13425,SNTB2,-0.007273154957052484
Q13435,SF3B2,-0.05048343904927495
Q13442,PDAP1,-0.018397566147199583
Q13488,TCIRG1,0.010113627067559788
Q13492,PICALM,0.003415182653484714
Q13501,SQSTM1,0.045098014970026225
Q13505,MTX1,-0.005118284593801543
Q13509,TUBB3,0.05714543184575973
Q13510,ASAH1,0.021954354545320787
Q13526,PIN1,-0.01068144123222381
Q13547,HDAC1,-0.036956563067456136
Q13554,CAMK2B,0.025538315273077424
Q13557,CAMK2D,0.01537767393473405
Q13561,DCTN2,0.001749331183630963
Q13564,NAE1,0.003458374993119062
Q13586,STIM1,0.040265279114034845
Q13595,TRA2A,-0.0035809891551700857
Q13596,SNX1,-0.01364015618390109
Q13630,GFUS,0.00611377517466324
Q13637,RAB32,0.034144687288929144
Q13642,FHL1,-0.015348784711277746
Q13724,MOGS,0.05656818635437518
Q13740,ALCAM,-0.03651714301938363
Q13813,SPTAN1,-0.016662664503942104
Q13838,DDX39B,-0.013081961379490586
Q13867,BLMH,-0.027829302379302496
Q13885,TUBB2A,0.0061020590473137865
Q13907,IDI1,-0.005922234898515454
Q14008,CKAP5,-0.0037868179629347723
Q14019,COTL1,0.028322470208294225
Q14103,HNRNPD,-0.029353287362283646
Q14108,SCARB2,0.04328810541519534
Q14151,SAFB2,-0.014520254066078325
Q14152,EIF3A,-0.011475183326246044
Q14157,UBAP2L,-0.027570059469985437
Q14160,SCRIB,0.005704989649508556
Q14165,MLEC,0.02035242102575663
Q14166,TTLL12,-0.01600068973732905
Q14192,FHL2,0.053979623322692974
Q14195,DPYSL3,0.014963439873452363
Q14203,DCTN1,0.00976649309262102
Q14204,DYNC1H1,0.01551389763826753
Q14240,EIF4A2,0.017703831671494308
Q14247,CTTN,-0.005048856427955362
Q14254,FLOT2,-0.004246547526504863
Q14257,RCN2,-0.014737237354509476
Q14258,TRIM25,0.015674554536818267
Q14315,FLNC,0.08255050389679304
Q14318,FKBP8,-0.01805161148164867
Q14444,CAPRIN1,-0.0391051237614999
Q14498,RBM39,-0.03906190917994345
Q14554,PDIA5,0.028468896107648967
Q14669,TRIP12,-0.00763305964479388
Q14694,USP10,-0.01386347481588539
Q14696,MESD,0.001313631698967942
Q14697,GANAB,-0.002852659222212783
Q14728,MFSD10,0.03802879500541545
Q14764,MVP,0.03706834287312767
Q14847,LASP1,-0.026499994484168298
Q14914,PTGR1,0.04558734743195164
Q14974,KPNB1,-0.0036624914164259505
Q14978,NOLC1,-0.0326001725434934
Q14C86,GAPVD1,0.00589886174028069
Q15005,SPCS2,0.018514973470601524
Q15008,PSMD6,0.01864033075702678
Q15019,SEPTIN2,-0.01661057562316742
Q15020,SART3,0.0006008432870004333
Q15027,ACAP1,-0.004333136517815819
Q15029,EFTUD2,-0.03687353792261309
Q15042,RAB3GAP1,0.01977677977880227
Q15046,KARS1,-0.003750307480841197
Q15056,EIF4H,0.008191003161424236
Q15067,ACOX1,0.01701385959755877
Q15075,EEA1,0.017142867387439684
Q15084,PDIA6,-0.01817895619286271
Q15102,PAFAH1B3,-0.029317318460557445
Q15121,PEA15,0.023956003288913896
Q15149,PLEC,0.020849551364131264
Q15165,PON2,0.04598504092711009
Q15181,PPA1,0.006233902150633091
Q15185,PTGES3,-0.05060199447774393
Q15233,NONO,-0.032102960651899166
Q15257,PTPA,-0.0018654806981807934
Q15287,RNPS1,-0.029220630191310295
Q15293,RCN1,0.013893376944464205
Q15365,PCBP1,-0.021354374394543706
Q15366,PCBP2,-0.020380122428485224
Q15369,ELOC,0.03299540032896684
Q15370,ELOB,0.010853443043288407
Q15393,SF3B3,-0.03424772451654091
Q15404,RSU1,-0.011263796790787895
Q15417,CNN3,-0.0008588676124360128
Q15435,PPP1R7,-0.01290233965770281
Q15436,SEC23A,-0.0010765989977082197
Q15459,SF3A1,-0.03587855699927957
Q15477,SKIC2,0.009650688930248546
Q15631,TSN,-0.0024707814499029495
Q15637,SF1,-0.043733938537927224
Q15654,TRIP6,-0.03911808671537368
Q15691,MAPRE1,-0.002331176174259096
Q15717,ELAVL1,-0.02808368651097737
Q15738,NSDHL,0.0358366736980632
Q15746,MYLK,0.0343909808046077
Q15758,SLC1A5,-0.05794662761343481
Q15785,TOMM34,-0.029665198799978473
Q15796,SMAD2,-0.014465899001853407
Q15836,VAMP3,0.021681219370649395
Q15843,NEDD8,-0.004574614863709245
Q15942,ZYX,0.014458608783208647
Q16181,SEPTIN7,-0.01373690860715158
Q16186,ADRM1,0.0022093088628688724
Q16222,UAP1,0.03546949037026788
Q16270,IGFBP7,0.018074146900738136
Q16352,INA,-0.01377549217123201
Q16401,PSMD5,0.02464750525891232
Q16531,DDB1,-0.004240376066661418
Q16543,CDC37,0.010011624683913678
Q16555,DPYSL2,-0.03437427972206637
Q16563,SYPL1,0.02317456889741041
Q16629,SRSF7,-0.02457931934260726
Q16643,DBN1,-0.01000500030849488
Q16658,FSCN1,0.019467272695180206
Q16666,IFI16,-0.011418702741957247
Q16698,DECR1,0.02008406860861543
Q16718,NDUFA5,-0.005159652977927509
Q16762,TST,0.08419657385425171
Q16774,GUK1,-0.0060509021497784365
Q16795,NDUFA9,-7.350419861069696e-05
Q16822,PCK2,-0.016462361017674114
Q16836,HADH,-0.03805879305789062
Q16851,UGP2,0.021664956735708334
Q16881,TXNRD1,0.0015335245712116037
Q16891,IMMT,-0.00169089112474468
Q1KMD3,HNRNPUL2,-0.019201174649909836
Q27J81,INF2,-0.006453010430697767
Q2M2I8,AAK1,0.01611086473070732
Q2TAA2,IAH1,-0.007405606414017841
Q2TAY7,SMU1,-0.035718647153293794
Q32P28,P3H1,-0.0384749018014679
Q3KQU3,MAP7D1,0.03224701085363234
Q3KQV9,UAP1L1,-0.02978193440656955
Q3SY69,ALDH1L2,-0.07553931474078932
Q3YEC7,RABL6,-0.026089816766922957
Q3ZAQ7,VMA21,0.10279265894021253
Q53FA7,TP53I3,0.09604450922080328
Q53GQ0,HSD17B12,0.024756528062260995
Q53T59,HS1BP3,0.0012353751146746694
Q562R1,ACTBL2,0.0027820698852462815
Q5GLZ8,HERC4,0.019977308715269308
Q5JRX3,PITRM1,0.023451376615154486
Q5JTV8,TOR1AIP1,0.027968017376506966
Q5SSJ5,HP1BP3,-0.05307603472551239
Q5ST30,VARS2,-0.019889779900913375
Q5T0F9,CC2D1B,-0.006348971215711511
Q5T4S7,UBR4,0.00920635089109493
Q5T9A4,ATAD3B,-0.004388011337480727
Q5TEC6,H3-7,-0.06079750245421695
Q5VTE6,ANGEL2,0.06599093129867097
Q5VYK3,ECPAS,-0.005503025730585546
Q5W111,SPRYD7,0.02378420342247157
Q63HN8,RNF213,0.02243024568038499
Q66K74,MAP1S,0.04388823132104057
Q68EM7,ARHGAP17,-0.019935886154876042
Q6DD88,ATL3,0.02190313542420397
Q6DKJ4,NXN,0.01131175668763799
Q6FI81,CIAPIN1,-0.010391125167130697
Q6IAA8,LAMTOR1,0.0206284021750311
Q6IBS0,TWF2,-0.01186816371833949
Q6L8Q7,PDE12,0.013896688766370693
Q6NUK1,SLC25A24,0.014222331788494923
Q6NUM9,RETSAT,0.05236861473443378
Q6NYC8,PPP1R18,-0.002751363679564254
Q6NZI2,CAVIN1,-0.038742750905881425
Q6P2Q9,PRPF8,-0.03437387532607356
Q6P587,FAHD1,0.01600115448983897
Q6P996,PDXDC1,-0.03433425705323116
Q6P9B6,MEAK7,0.03476488738613329
Q6PGP7,SKIC3,0.010660122054855198
Q6PIU2,NCEH1,0.04988070040550511
Q6UB35,MTHFD1L,-0.009868972292145355
Q6YN16,HSDL2,0.031526323667532524
Q6YP21,KYAT3,0.011024126107720685
Q6ZSR9,0,-0.007623791322412983
Q70UQ0,IKBIP,0.05562940094928772
Q71UM5,RPS27L,-0.016596502281634302
Q7KZF4,SND1,0.0049953690131343724
Q7L014,DDX46,-0.026930491113976805
Q7L0Y3,TRMT10C,0.032083617977017545
Q7L1Q6,BZW1,0.007281224060878012
Q7L2H7,EIF3M,0.004659193071856489
Q7L523,RRAGA,0.04125191620127728
Q7L576,CYFIP1,-0.008190919411763952
Q7L5N1,COPS6,0.013416417137156595
Q7Z2W4,ZC3HAV1,0.025008233308334776
Q7Z2Z2,EFL1,0.029389640841123978
Q7Z3E5,ARMC9,-0.06294643533733887
Q7Z434,MAVS,0.014605695544026142
Q7Z4H8,POGLUT3,-0.06338976237268826
Q7Z6Z7,HUWE1,-0.001472209432145662
Q86SX6,GLRX5,-0.012392309471371347
Q86U42,PABPN1,-0.026670893264859392
Q86UE4,MTDH,0.009281686177761306
Q86UP2,KTN1,0.018855520399977788
Q86UU1,PHLDB1,-0.07319774553843235
Q86V81,ALYREF,-0.03693071595709008
Q86VP6,CAND1,-0.006518956803197417
Q86VR2,RETREG3,0.022424647803682547
Q86VS8,HOOK3,-0.031872690699295
Q86W92,PPFIBP1,-0.04465971869568719
Q86WV6,STING1,0.0030028781114958838
Q86X55,CARM1,-0.02027340921773895
Q86X76,NIT1,0.026491252134025128
Q86XP3,DDX42,-0.03307424847847946
Q86Y39,NDUFA11,0.012824842511908371
Q86Y82,STX12,0.06497520142168321
Q8IUZ5,PHYKPL,-0.02662319637365049
Q8IV08,PLD3,0.044249114006594086
Q8IVF2,AHNAK2,0.0741538223806645
Q8IVL6,P3H3,0.0018646005571517593
Q8IWB7,WDFY1,-0.021287550882270762
Q8IWE2,FAM114A1,0.006307285969934984
Q8IXB1,DNAJC10,0.014823917185686446
Q8IY81,FTSJ3,-0.015375871319676876
Q8IZ83,ALDH16A1,-0.038086018471817494
Q8N163,CCAR2,-0.03266069332621318
Q8N1F7,NUP93,-0.01726780097438293
Q8N1G4,LRRC47,0.0026509872551537528
Q8N5G0,SMIM20,0.003606119953670142
Q8N766,EMC1,0.020329249083104732
Q8NBJ5,COLGALT1,0.0022493226432824553
Q8NBJ7,SUMF2,-0.025292234747965475
Q8NBS9,TXNDC5,-0.007504636278636433
Q8NBX0,SCCPDH,-0.012212005780546804
Q8NC51,SERBP1,-0.026811059871465367
Q8NC56,LEMD2,0.034391981542076566
Q8NCA5,FAM98A,0.026712217264607454
Q8NCW5,NAXE,0.026248719087952878
Q8NDC0,MAPK1IP1L,-0.025115249837975143
Q8NE71,ABCF1,-0.0034351093827858586
Q8NEW0,SLC30A7,0.02956470365467018
Q8NFH3,NUP43,-0.03925443443829994
Q8NHP8,PLBD2,0.03516280272167909
Q8NI36,WDR36,-0.026849966657608883
Q8TAT6,NPLOC4,0.0264066811761419
Q8TBC4,UBA3,-0.0033122443228602735
Q8TC12,RDH11,0.041158777412269816
Q8TCJ2,STT3B,0.029895871934034403
Q8TCT9,HM13,0.03676058138569667
Q8TD19,NEK9,-0.01649262574992396
Q8TDX7,NEK7,-0.0011110042069230087
Q8TDZ2,MICAL1,-0.03612946903033394
Q8TED1,GPX8,-0.017547017876376112
Q8TEX9,IPO4,-0.010848738338174445
Q8WUH6,TMEM263,0.01651407206767643
Q8WUM4,PDCD6IP,0.007377527811857665
Q8WUP2,FBLIM1,-0.011853690545772991
Q8WUW1,BRK1,0.0018575285988297302
Q8WVM0,TFB1M,-0.016280915339023094
Q8WVM8,SCFD1,0.011812064246615392
Q8WVY7,UBLCP1,0.0013229439228154556
Q8WWI1,LMO7,-0.029873757865641882
Q8WWM7,ATXN2L,-0.025411277804748337
Q8WX93,PALLD,-0.03741620855141723
Q8WXF1,PSPC1,-0.021032408574997028
Q8WZ82,OVCA2,0.030253472200740948
Q92499,DDX1,0.011554268811440995
Q92520,FAM3C,0.0014211815479756704
Q92522,H1-10,-0.10034645193824188
Q92530,PSMF1,0.002442872468670885
Q92538,GBF1,0.011342845282270685
Q92572,AP3S1,0.013156259397417885
Q92597,NDRG1,-0.0003324522692140591
Q92598,HSPH1,-0.007806337534283165
Q92616,GCN1,-0.011248571187906132
Q92688,ANP32B,-0.0691884544597788
Q92696,RABGGTA,0.03996758888664551
Q92747,ARPC1A,0.04851988712876086
Q92791,P3H4,-0.057163715797828044
Q92820,GGH,-0.016245020175414522
Q92841,DDX17,-0.03515090323908503
Q92879,CELF1,-0.04060201566902598
Q92882,OSTF1,0.012384328956773652
Q92888,ARHGEF1,-0.03246809638314146
Q92890,UFD1,0.020934532012748325
Q92896,GLG1,-0.044928513388134646
Q92900,UPF1,-0.01209905043237633
Q92930,RAB8B,0.0156657111161535
Q92945,KHSRP,-0.0387296826183874
Q92973,TNPO1,0.0076400837165607706
Q92979,EMG1,-0.05557598185349253
Q93008,USP9X,0.011439907624087186
Q93009,USP7,-0.008751077520107554
Q93050,ATP6V0A1,0.08400249971456296
Q93052,LPP,-0.042081635618302936
Q969E2,SCAMP4,0.021943593518754318
Q969G5,CAVIN3,-0.08311662828314574
Q969H8,MYDGF,0.01852664110632603
Q969V3,NCLN,0.014269960213954295
Q969X5,ERGIC1,0.04591263871344864
Q96A65,EXOC4,0.002791613399755269
Q96AB3,ISOC2,0.0015411452335778498
Q96AC1,FERMT2,-0.07569922177435814
Q96AE4,FUBP1,-0.03984238604937878
Q96AG4,LRRC59,-0.006245918998241172
Q96AQ6,PBXIP1,0.03127739303435414
Q96AY3,FKBP10,-0.03589009267965798
Q96B36,AKT1S1,0.010645410984945718
Q96BM9,ARL8A,0.044224228196667624
Q96CN7,ISOC1,-0.014896595574103933
Q96CS3,FAF2,0.02283823294350246
Q96CT7,CCDC124,-0.04420802310245412
Q96CW1,AP2M1,-0.0015256392360851537
Q96CX2,KCTD12,0.06985638308162753
Q96DG6,CMBL,0.08753460150929859
Q96EK6,GNPNAT1,-0.005030435802795036
Q96EM0,L3HYPDH,-0.017052054255653693
Q96EP5,DAZAP1,-0.03312878078672829
Q96EY1,DNAJA3,0.017649997907440883
Q96FJ2,DYNLL2,0.03607793656160561
Q96FW1,OTUB1,0.020500429447822096
Q96G03,PGM2,0.01766695895962426
Q96GK7,FAHD2A,-0.00338609449849784
Q96HC4,PDLIM5,0.010288002007057016
Q96HE7,ERO1A,0.029692851191839825
Q96HP4,OXNAD1,0.006057783304668747
Q96HY6,DDRGK1,0.01513510831560347
Q96I24,FUBP3,-0.009349459827041095
Q96I59,NARS2,-0.0009773296984788653
Q96I99,SUCLG2,-0.0013579475957119429
Q96IJ6,GMPPA,-0.004872626041363156
Q96IU4,ABHD14B,-0.000640514801220152
Q96IX5,ATP5MK,0.0357953353252216
Q96JJ7,TMX3,-0.011375941610988602
Q96JY6,PDLIM2,0.003276220858197645
Q96KG9,SCYL1,-0.011558600391641664
Q96KP4,CNDP2,0.014028913978404759
Q96M27,PRRC1,-0.0019765178854472395
Q96N66,MBOAT7,0.08890158862648372
Q96PK6,RBM14,-0.048391555411730756
Q96PU8,QKI,-0.07881799218135509
Q96QK1,VPS35,0.006282340073601505
Q96RP9,GFM1,-0.014680927862538487
Q96S52,PIGS,-0.011408812760369189
Q96TA1,NIBAN2,0.013355237865426226
Q99426,TBCB,0.001924834637271177
Q99436,PSMB7,-0.017459085664193293
Q99439,CNN2,-0.002598813740983883
Q99459,CDC5L,-0.04168703788950768
Q99460,PSMD1,0.005995349944347098
Q99497,PARK7,-0.020045492187464924
Q99536,VAT1,0.0010669419086740504
Q99538,LGMN,0.05559602213761804
Q99584,S100A13,-0.005043471586951638
Q99613,EIF3C,-0.0019011260763441842
Q99615,DNAJC7,-0.012906064805020942
Q99623,PHB2,0.023441308636094588
Q99627,COPS8,-0.02379009693446431
Q99714,HSD17B10,0.02459097697218262
Q99715,COL12A1,-0.05214278847500351
Q99729,HNRNPAB,-0.041975652666559435
Q99733,NAP1L4,-0.02672752150350453
Q99735,MGST2,0.11025847829623579
Q99798,ACO2,0.03463579927680009
Q99805,TM9SF2,0.002320069149683247
Q99816,TSG101,0.00031025688786854335
Q99829,CPNE1,-0.03939091057326184
Q99832,CCT7,0.005478751507453914
Q99873,PRMT1,-0.009057588726315858
Q99961,SH3GL1,-0.013215236537971206
Q9BPW8,NIPSNAP1,0.019161710071117447
Q9BPX5,ARPC5L,0.04305218898899784
Q9BQA1,WDR77,0.005116178787153514
Q9BQB6,VKORC1,0.07435234520168724
Q9BQE3,TUBA1C,0.0035642375910559347
Q9BQG0,MYBBP1A,-0.014678985425455177
Q9BR76,CORO1B,0.007370836862498628
Q9BRA2,TXNDC17,0.031876493252560915
Q9BRF8,CPPED1,0.05712538355857204
Q9BS26,ERP44,0.02454011075847409
Q9BSD7,NTPCR,0.011360939397010671
Q9BSJ8,ESYT1,0.02961123942561144
Q9BT78,COPS4,0.002574490668099379
Q9BTT0,ANP32E,-0.0691455623714751
Q9BTU6,PI4K2A,0.029367709553056457
Q9BTV4,TMEM43,0.016115031734044636
Q9BTZ2,DHRS4,-0.01196142237943178
Q9BU23,LMF2,0.01850090450178734
Q9BUF5,TUBB6,0.01066570708502904
Q9BUJ2,HNRNPUL1,-0.036509872278346504
Q9BUL8,PDCD10,0.012456304601444906
Q9BV86,NTMT1,-0.017891427913006536
Q9BVG4,PBDC1,-0.027371812016681235
Q9BVK6,TMED9,0.01727726460045412
Q9BVP2,GNL3,-0.01675837505482656
Q9BWD1,ACAT2,-0.07069067126251695
Q9BWM7,SFXN3,0.011810250020001163
Q9BXJ9,NAA15,-0.015970733688703043
Q9BXK5,BCL2L13,0.05893177210787487
Q9BXP5,SRRT,-0.04024905338748723
Q9BXS5,AP1M1,0.010966249009547319
Q9BY44,EIF2A,-0.019652625807059464
Q9BYK8,HELZ2,0.0692326913163237
Q9BZQ8,NIBAN1,-0.059368343769013766
Q9BZZ5,API5,-0.03864489781285328
Q9C0C2,TNKS1BP1,0.0031827173629649726
Q9C0E8,LNPK,0.034306712380872184
Q9GZN8,ADISSP,-0.019885151852182006
Q9GZP9,DERL2,0.10229778605542075
Q9GZT3,SLIRP,-0.013102087975636953
Q9GZZ1,NAA50,-0.004304422965908983
Q9H0A0,NAT10,-0.018640130057426926
Q9H0D6,XRN2,-0.028168632506775423
Q9H0E2,TOLLIP,0.026488118708434597
Q9H0U4,RAB1B,0.001512538946920922
Q9H223,EHD4,0.00598662221393021
Q9H299,SH3BGRL3,0.026302745221485856
Q9H2G2,SLK,0.010859699856325983
Q9H2M9,RAB3GAP2,0.024675152897460247
Q9H3H3,C11orf68,0.018490934064806286
Q9H3K6,BOLA2; BOLA2B,0.02013200326802944
Q9H3N1,TMX1,0.030075815021683102
Q9H3P7,ACBD3,0.009872730255838966
Q9H3U1,UNC45A,-0.011039922628135421
Q9H444,CHMP4B,0.005749333381811395
Q9H488,POFUT1,0.007377703269435295
Q9H4A4,RNPEP,0.0002941175206106322
Q9H4B7,TUBB1,-0.047877212777165355
Q9H4M9,EHD1,0.018905454135582814
Q9H6S3,EPS8L2,0.08113808965090208
Q9H8Y8,GORASP2,0.03918767998047396
Q9H910,JPT2,-0.02966984110019021
Q9H9B4,SFXN1,0.017912385198645842
Q9HAU5,UPF2,-0.021357544389751622
Q9HB07,MYG1,-0.04263085229154693
Q9HB71,CACYBP,-0.06571050680025045
Q9HC38,GLOD4,0.019455401118074565
Q9HCC0,MCCC2,-0.00570635066492232
Q9HD20,ATP13A1,0.021306458506745896
Q9HD45,TM9SF3,0.034237033713935015
Q9HDC9,APMAP,0.03910265927913616
Q9NNW7,TXNRD2,0.008069004374947949
Q9NP58,ABCB6,0.04451691008081195
Q9NP61,ARFGAP3,-0.034078284147807524
Q9NP72,RAB18,0.03149020206451402
Q9NP79,VTA1,-0.025262048387491798
Q9NP97,DYNLRB1,0.001485823349063564
Q9NPH2,ISYNA1,-0.03457288369016644
Q9NPQ8,RIC8A,0.01886670399384044
Q9NQ88,TIGAR,0.09032210773676096
Q9NQC3,RTN4,0.03341438686192479
Q9NQP4,PFDN4,-0.0029770699491294883
Q9NQR4,NIT2,0.016565224026034952
Q9NQW7,XPNPEP1,0.003214266877795681
Q9NR12,PDLIM7,-0.007844073488690192
Q9NR30,DDX21,-0.03177678553188435
Q9NR31,SAR1A,0.01678045305531437
Q9NR45,NANS,0.003311662373070468
Q9NR50,EIF2B3,0.001569889440479098
Q9NR56,MBNL1,-0.018684857847287382
Q9NRP0,OSTC,0.00876082818023082
Q9NRR5,UBQLN4,-0.02171963612201574
Q9NRV9,HEBP1,0.003779831036789209
Q9NRW3,APOBEC3C,0.06604816672113197
Q9NS69,TOMM22,0.031703655054287586
Q9NSD9,FARSB,0.019782419150767123
Q9NSE4,IARS2,0.013715465479437304
Q9NT62,ATG3,-0.021033587869820892
Q9NTJ5,SACM1L,0.02644112328071631
Q9NTK5,OLA1,0.024960467489385466
Q9NTX5,ECHDC1,-0.007125335439922721
Q9NUJ1,ABHD10,0.03046992525821258
Q9NUQ8,ABCF3,0.02675675662437097
Q9NUQ9,CYRIB,0.01652909811156913
Q9NUU7,DDX19A,-0.00017118670182047571
Q9NVA2,SEPTIN11,0.01976006112659437
Q9NVD7,PARVA,-0.052680446046413545
Q9NVI7,ATAD3A,-0.009694425737062251
Q9NVS9,PNPO,0.03981172896217415
Q9NVZ3,NECAP2,-0.005762528727248087
Q9NX40,OCIAD1,0.009823397513534187
Q9NY33,DPP3,0.009882790193121152
Q9NYH9,UTP6,-0.03516098561046178
Q9NYK5,MRPL39,-0.009936165675295757
Q9NYL4,FKBP11,0.026177063446552202
Q9NYL9,TMOD3,-0.00891780133054666
Q9NYU1,UGGT2,0.018233832453732272
Q9NYU2,UGGT1,-0.0015214833337255805
Q9NZ08,ERAP1,-0.027780225480417756
Q9NZB2,FAM120A,-0.01127380528232956
Q9NZL9,MAT2B,-0.022813933497518122
Q9NZM1,MYOF,-0.027586542611941052
Q9NZN3,EHD3,0.010022508686726753
Q9NZN4,EHD2,-0.00893868540643505
Q9NZZ3,CHMP5,0.010219644018975706
Q9P035,HACD3,0.014414715844596583
Q9P0J0,NDUFA13,0.015135317749516512
Q9P0L0,VAPA,0.002599658986056683
Q9P0M6,MACROH2A2,-0.04490693629469979
Q9P258,RCC2,-0.06042199525964966
Q9P2E9,RRBP1,0.02113398863318205
Q9P2J5,LARS1,0.008550060866881152
Q9P2R3,ANKFY1,0.016827733381376435
Q9P2R7,SUCLA2,0.022442161072966087
Q9UBB4,ATXN10,0.00765390695891559
Q9UBF2,COPG2,-0.011631924224900165
Q9UBG0,MRC2,-0.010011507533532107
Q9UBI6,GNG12,-0.006477446250183789
Q9UBQ0,VPS29,0.021848318810512222
Q9UBQ5,EIF3K,0.009122848865169675
Q9UBQ7,GRHPR,0.032672315399581826
Q9UBR2,CTSZ,0.05943864924434587
Q9UBT2,UBA2,-0.011866986347846786
Q9UBV8,PEF1,-0.0025648173201390677
Q9UDY4,DNAJB4,0.0037497171433859395
Q9UG63,ABCF2,-0.010800875560720638
Q9UGI8,TES,-0.0035271771093206027
Q9UGP8,SEC63,0.020367368872406925
Q9UGV2,NDRG3,0.008495573482349661
Q9UH99,SUN2,-0.06879164401958625
Q9UHB6,LIMA1,0.0008114603761521594
Q9UHB9,SRP68,-0.0026647856422325027
Q9UHD1,CHORDC1,-0.01882208571216871
Q9UHD8,SEPTIN9,-0.010704391262540748
Q9UHG3,PCYOX1,0.04423541576625566
Q9UHQ9,CYB5R1,0.08810187856960161
Q9UHV9,PFDN2,-0.0056607859434478405
Q9UHX1,PUF60,-0.02209173877334752
Q9UI12,ATP6V1H,0.027119022066648783
Q9UI15,TAGLN3,0.07877120923917458
Q9UI30,TRMT112,-0.014892934771052623
Q9UIJ7,AK3,0.05516477420349641
Q9UIQ6,LNPEP,0.029843455311240046
Q9UJ70,NAGK,0.023783703969941474
Q9UJS0,SLC25A13,0.005381183967571256
Q9UJU6,DBNL,-0.0016577152373897174
Q9UJW0,DCTN4,-8.867086259893426e-05
Q9UJZ1,STOML2,-0.0034763104160678653
Q9UK76,JPT1,-0.03439433728783447
Q9UKK3,PARP4,0.033736067766890906
Q9UKK9,NUDT5,0.0027574098227059625
Q9UKM9,RALY,-0.05058044595080948
Q9UKV3,ACIN1,-0.037341273433656584
Q9UKY7,CDV3,-0.02363490397865329
Q9UL25,RAB21,0.019579626822328357
Q9UL26,RAB22A,0.013151632241725298
Q9UL46,PSME2,0.0027988042599411114
Q9ULA0,DNPEP,0.01893315860909692
Q9ULC4,MCTS1,0.016876487633128
Q9ULV4,CORO1C,-0.004706721262989247
Q9UM22,EPDR1,0.060374475424987716
Q9UMS4,PRPF19,-0.02765652974267029
Q9UMX0,UBQLN1,-0.011222765560719649
Q9UMY4,SNX12,0.0024287903973361077
Q9UN37,VPS4A,0.00787694995737012
Q9UN86,G3BP2,-0.014401831282596114
Q9UNE7,STUB1,0.024321897014436877
Q9UNF0,PACSIN2,-0.008328722420528501
Q9UNF1,MAGED2,0.003067944701143701
Q9UNH7,SNX6,0.01679235333495738
Q9UNL2,SSR3,0.00998221562266457
Q9UNM6,PSMD13,0.015935172138324852
Q9UNW1,MINPP1,0.011273341478408378
Q9UNZ2,NSFL1C,-0.0009738360727709219
Q9UP95,SLC12A4,0.03140707371236415
Q9UPN3,MACF1,0.001223068222897874
Q9UQ35,SRRM2,-0.018193509011074166
Q9UQ80,PA2G4,-0.02486485096788451
Q9Y224,RTRAF,0.007705134058770387
Q9Y230,RUVBL2,-0.005602935168418811
Q9Y262,EIF3L,0.006511808075906982
Q9Y263,PLAA,0.02915860411847252
Q9Y265,RUVBL1,0.0016116994524589033
Q9Y277,VDAC3,0.02226080727024967
Q9Y281,CFL2,-0.005249864757223875
Q9Y285,FARSA,0.0201206500564654
Q9Y295,DRG1,-0.004080620396314286
Q9Y2A7,NCKAP1,0.0025032584186196675
Q9Y2B0,CNPY2,0.014922320274655166
Q9Y2D5,PALM2AKAP2,0.04367236744170482
Q9Y2G5,POFUT2,0.040066057671031045
Q9Y2Q3,GSTK1,0.04205066629452171
Q9Y2Q5,LAMTOR2,0.02267164306363924
Q9Y2S2,CRYL1,0.015144427528932023
Q9Y2S7,POLDIP2,-0.019551301370907444
Q9Y2T2,AP3M1,0.008334822163407541
Q9Y2W1,THRAP3,-0.038262541195573416
Q9Y2X3,NOP58,0.009089550057912107
Q9Y303,AMDHD2,-0.0320312921184289
Q9Y305,ACOT9,0.03969441255742599
Q9Y371,SH3GLB1,0.022836022054281094
Q9Y383,LUC7L2,-0.022612017554726773
Q9Y3A5,SBDS,0.028191541590882906
Q9Y3B3,TMED7,0.05501385795542578
Q9Y3B8,REXO2,0.025155718544695692
Q9Y3D6,FIS1,0.03434344148286175
Q9Y3E0,GOLT1B,0.004706301825420513
Q9Y3F4,STRAP,0.00463089751486295
Q9Y3I0,RTCB,0.016215790569692752
Q9Y3Z3,SAMHD1,0.021138645351172665
Q9Y490,TLN1,-0.017711287119778787
Q9Y4I1,MYO5A,-0.003192727436296061
Q9Y4L1,HYOU1,-0.005404456928842789
Q9Y4W6,AFG3L2,0.01573320107120827
Q9Y512,SAMM50,0.010711887924921936
Q9Y570,PPME1,-0.003120170597156277
Q9Y5B9,SUPT16H,-0.06494188961851055
Q9Y5J7,TIMM9,0.004371588528323352
Q9Y5K6,CD2AP,0.010930620628951063
Q9Y5L4,TIMM13,0.016043806421693813
Q9Y5M8,SRPRB,0.02256289605225254
Q9Y5P6,GMPPB,-0.019368807342880573
Q9Y5X1,SNX9,-0.0262533793501318
Q9Y5X2,SNX8,0.028633231325305066
Q9Y5X3,SNX5,-0.022463625342016263
Q9Y5Z4,HEBP2,0.003355459510359871
Q9Y617,PSAT1,-0.03143889246630664
Q9Y639,NPTN,0.0004015877892728513
Q9Y678,COPG1,0.004386979671098961
Q9Y680,FKBP7,-0.03992428511892631
Q9Y696,CLIC4,-0.002819460592108604
Q9Y6C9,MTCH2,0.045400551414519034
Q9Y6E0,STK24,-0.013954595070343034
Q9Y6E2,BZW2,-0.012385525677085162
Q9Y6G9,DYNC1LI1,0.008487769372318913
Q9Y6K0,CEPT1,0.007915621803105519
Q9Y6K5,OAS3,0.01994647071011213
Q9Y6K8,AK5,-0.01369519481662308
Q9Y6M1,IGF2BP2,0.0015296216651147895
Q9Y6M9,NDUFB9,-0.010506287378042182
Q9Y6N5,SQOR,0.07028212950578946
Q9Y6W5,WASF2,-0.017450751608206676
Q9Y6Y8,SEC23IP,0.004445489194430106
